index,magnitude,phase_angle,is_predicted,received_at
0,253793.234375,-14.352592399196906,False,2024-05-10 10:11:31.765713
